date,slug,probability
2026-05-22,will-google-have-the-best-ai-model-at-the-end-of-may-2026,0.0065
2026-05-22,will-google-have-the-best-ai-model-at-the-end-of-may-2026,0.0065
2026-05-22,will-google-have-the-best-ai-model-at-the-end-of-may-2026,0.0075
2026-05-22,will-google-have-the-best-ai-model-at-the-end-of-may-2026,0.0075
2026-05-22,will-google-have-the-best-ai-model-at-the-end-of-may-2026,0.0075
2026-05-22,will-google-have-the-best-ai-model-at-the-end-of-may-2026,0.0075
2026-05-22,will-google-have-the-best-ai-model-at-the-end-of-may-2026,0.0075
2026-05-22,will-google-have-the-best-ai-model-at-the-end-of-may-2026,0.0075
2026-05-22,will-google-have-the-best-ai-model-at-the-end-of-may-2026,0.0075
2026-05-22,will-google-have-the-best-ai-model-at-the-end-of-may-2026,0.0075
2026-05-26,will-google-have-the-best-ai-model-at-the-end-of-may-2026,0.006
